{
  "batch_size": 25000,
  "alpha": [0.7853981633974483, 1.5707963267948966, 12],
  "kappa": [1, 1000, 168],
  "sigma": [0.001, 1, 168]
}
