{
  "batch_size": 15000000,
  "alpha": [1.5707963267948966, 1.5707963267948966, 1],
  "kappa": [1, 1000, 128],
  "sigma": [0.001, 1, 128]
}