{
  "sample_size": 200000,
  "batch_size": 50000,
  "alpha": [
    0,
    1.5707963267948966,
    32
  ],
  "kappa": [
    1,
    1000000,
    256
  ],
  "sigma": [
    0.00001,
    100,
    192
  ]
}